4388161847,2016-05-07 00:00:00.0000000,4022,1,472,496,22770,17.5400009155273,17.5400009155273,0,12.2199997901917,5.32999992370605,176,768
8053475328,2016-04-23 00:00:00.0000000,3554,1,331,337,22359,17.1900005340576,17.1900005340576,0,13.1699999570846,4.01999998092651,139,964
6962181067,2016-04-23 00:00:00.0000000,2571,1,528,546,20031,13.2399997711182,13.2399997711182,0,6.19999980926514,7.03999996185303,99,831
8053475328,2016-05-07 00:00:00.0000000,3331,1,74,75,19769,15.6700000762939,15.6700000762939,0,13.3199995756149,2.34999990463257,141,1224
6117666160,2016-04-21 00:00:00.0000000,4900,1,508,550,19542,15.0100002288818,15.0100002288818,0,1.38000002503395,5.61999988555908,30,873
1644430081,2016-04-30 00:00:00.0000000,3846,1,124,142,18213,13.2399997711182,13.2399997711182,0,3.7700001001358,9.46000003814697,80,1218
4388161847,2016-05-08 00:00:00.0000000,3934,2,529,541,17298,14.3800001144409,14.3800001144409,0,11.150000333786,3.23000001907349,145,754
5553957443,2016-04-14 00:00:00.0000000,2324,1,357,418,17022,11.1199998855591,11.1199998855591,0,6.45000004768372,4.67000007629395,102,949
2347167796,2016-04-23 00:00:00.0000000,2629,1,374,386,16901,11.3699998855591,11.3699998855591,0,4.23000001907349,7.15000009536743,67,951
5553957443,2016-04-15 00:00:00.0000000,2254,1,377,409,16556,10.8599996566772,10.8599996566772,0,6.1399998664856,4.71000003814697,96,928
3977333714,2016-05-02 00:00:00.0000000,1760,1,230,384,16520,11.0500001907349,11.0500001907349,0,8.01999998092652,3.01999998092651,167,889
5553957443,2016-05-10 00:00:00.0000000,2335,1,418,443,16358,10.710000038147,10.710000038147,0,5.47999989986419,5.19999980926514,101,972
8378563200,2016-04-26 00:00:00.0000000,3763,1,550,584,16208,12.8500003814697,12.8500003814697,0,8.43000024557114,4.42000007629395,108,754
5577150313,2016-04-24 00:00:00.0000000,4392,1,543,615,15764,11.7799997329712,11.7799997329712,0,9.80000019073486,1.98000001907349,275,566
1503960366,2016-04-19 00:00:00.0000000,2035,1,304,320,15506,9.88000011444092,9.88000011444092,0,4.85000002384186,5.03000020980835,81,1039
5553957443,2016-04-19 00:00:00.0000000,2284,1,357,410,15482,10.1099996566772,10.1099996566772,0,5.94000017642975,4.17999982833862,97,1005
6962181067,2016-05-10 00:00:00.0000000,2361,1,469,481,15448,10.210000038147,10.210000038147,0,5.22000002861023,4.98999977111816,96,901
1503960366,2016-04-25 00:00:00.0000000,2013,1,277,323,15355,9.80000019073486,9.80000019073486,0,5.85999995470047,3.94000005722046,87,1030
8378563200,2016-04-21 00:00:00.0000000,4236,1,396,417,15148,12.0100002288818,12.0100002288818,2.25308108329773,7.72000008821487,4.28999996185303,153,822
4702921684,2016-04-23 00:00:00.0000000,3691,1,465,475,15126,12.2700004577637,12.2700004577637,0,4,8.27000045776367,75,877
8053475328,2016-04-20 00:00:00.0000000,3043,1,486,493,15108,12.1899995803833,12.1899995803833,0,9.80999992787837,2.38000011444092,94,853
1503960366,2016-05-03 00:00:00.0000000,1990,1,273,296,15103,9.65999984741211,9.65999984741211,0,4.77999997138977,4.88000011444092,74,1070
4702921684,2016-04-24 00:00:00.0000000,3538,1,480,506,15050,12.2200002670288,12.2200002670288,0,6.3199999332428,5.88000011444092,110,823
1503960366,2016-05-02 00:00:00.0000000,2004,1,277,309,14727,9.71000003814697,9.71000003814697,0,3.78000003099441,5.92000007629395,56,1075
1503960366,2016-04-30 00:00:00.0000000,1947,1,404,425,14673,9.25,9.25,0,4.9799998998642,4.26999998092651,86,929
7086361926,2016-04-30 00:00:00.0000000,2995,1,485,489,14560,9.40999984741211,9.40999984741211,0,4.15999984741211,5.23999977111816,59,892
8378563200,2016-04-15 00:00:00.0000000,3666,1,513,533,14461,11.4700002670288,11.4700002670288,0,6.05999982357025,5.40999984741211,83,919
6117666160,2016-04-16 00:00:00.0000000,2828,1,380,398,14450,10.9099998474121,10.9099998474121,0,1.43000000715256,9.47999954223633,22,1020
1503960366,2016-04-23 00:00:00.0000000,1949,1,361,384,14371,9.03999996185303,9.03999996185303,0,3.67999994754791,5.3600001335144,62,994
4702921684,2016-05-07 00:00:00.0000000,3683,1,520,543,14370,11.6499996185303,11.6499996185303,0,2.67999994754791,8.97000026702881,51,1016
4702921684,2016-05-07 00:00:00.0000000,3683,1,520,543,14370,11.6499996185303,11.6499996185303,0,2.67999994754791,8.97000026702881,51,1016
7086361926,2016-04-20 00:00:00.0000000,2997,1,492,502,14365,10.6400003433228,10.6400003433228,0,8.08999985456467,2.53999996185303,100,942
3977333714,2016-05-03 00:00:00.0000000,1710,1,292,500,14335,9.59000015258789,9.59000015258789,0,5.05999994277954,4.53000020980835,88,852
5553957443,2016-05-05 00:00:00.0000000,2156,1,419,464,14331,9.51000022888184,9.51000022888184,0,5.0900000333786,4.42999982833862,73,933
5577150313,2016-04-16 00:00:00.0000000,4274,1,406,445,14269,10.6599998474121,10.6599998474121,0,7.91999983787537,2.73000001907349,240,630
3977333714,2016-04-24 00:00:00.0000000,1655,1,310,526,14112,10,10,0,7.82999992370605,2.17000007629395,125,789
1503960366,2016-05-05 00:00:00.0000000,1959,1,247,264,14070,8.89999961853027,8.89999961853027,0,4.00000011920929,4.88000011444092,69,1107
6962181067,2016-04-20 00:00:00.0000000,2174,1,418,424,13928,9.55000019073486,9.55000019073486,0,4.47000020742416,5.09000015258789,52,936
1503960366,2016-04-26 00:00:00.0000000,1970,1,245,274,13755,8.78999996185303,8.78999996185303,0,3.24999994039535,5.53999996185303,54,1112
4558609924,2016-04-21 00:00:00.0000000,2486,1,126,137,13743,9.07999992370605,9.07999992370605,0,1.39000001549721,7.69999980926514,27,1276
8378563200,2016-04-18 00:00:00.0000000,4157,1,398,451,13630,10.8100004196167,10.8100004196167,2.0921471118927,5.61000019311905,5.19999980926514,127,894
3977333714,2016-05-08 00:00:00.0000000,1633,2,259,456,13585,9.09000015258789,9.09000015258789,0,5.91999977827072,3.17000007629395,125,859
7086361926,2016-05-09 00:00:00.0000000,2960,1,427,438,13566,9.10999965667725,9.10999965667725,0,5.97000026702881,3.11999988555908,117,914
3977333714,2016-05-04 00:00:00.0000000,1628,1,213,336,13559,9.4399995803833,9.4399995803833,0,6.38999986648559,2.89000010490417,110,994
3977333714,2016-04-16 00:00:00.0000000,1625,1,283,510,13459,9,9,0,6.02999997138977,2.97000002861023,114,816
5577150313,2016-05-01 00:00:00.0000000,4546,1,379,398,13368,9.98999977111816,9.98999977111816,0,6.75,3.24000000953674,266,677
8378563200,2016-04-14 00:00:00.0000000,4163,1,424,455,13318,10.5600004196167,10.5600004196167,2.25308108329773,6.64999985694885,3.91000008583069,144,873
6962181067,2016-04-25 00:00:00.0000000,2194,1,400,415,13239,9.27000045776367,9.07999992370605,2.78517508506775,4.69999992847442,4.56000003963709,66,919
3977333714,2016-04-30 00:00:00.0000000,1650,1,237,382,13238,9.19999980926514,9.19999980926514,0,5.78999996185303,3.41000008583069,95,881
4388161847,2016-04-23 00:00:00.0000000,3306,1,478,501,13236,10.1800003051758,10.1800003051758,0,4.81999999284744,5.34999990463257,63,964
6962181067,2016-04-16 00:00:00.0000000,2173,1,357,366,13217,8.73999977111816,8.73999977111816,0,3.8500000834465,4.88000011444092,53,1021
1503960366,2016-04-12 00:00:00.0000000,1985,1,327,346,13162,8.5,8.5,0,2.43000000715256,6.05999994277954,38,1056
1503960366,2016-04-28 00:00:00.0000000,1898,1,366,393,13154,8.52999973297119,8.52999973297119,0,4.69999992847443,3.78999996185303,76,971
3977333714,2016-05-10 00:00:00.0000000,1630,1,312,452,13072,8.77999973297119,8.77999973297119,0,5.47000009566545,3.30999994277954,116,872
8378563200,2016-04-19 00:00:00.0000000,4092,1,387,421,13070,10.3599996566772,10.3599996566772,2.25308108329773,6.18000018596649,4.17999982833862,139,891
6962181067,2016-05-02 00:00:00.0000000,2162,1,466,482,12912,8.53999996185303,8.53999996185303,0,3.20000004768372,5.34000015258789,57,968
5553957443,2016-05-03 00:00:00.0000000,2116,1,380,429,12848,8.39000034332275,8.39000034332275,0,2.70000004768372,5.67999982833862,55,1059
7086361926,2016-05-07 00:00:00.0000000,2739,1,530,548,12827,8.47999954223633,8.47999954223633,0,3.78999996185302,4.67999982833862,62,830
1503960366,2016-05-11 00:00:00.0000000,1783,1,285,306,12770,8.13000011444092,8.13000011444092,0,3.5699999332428,4.55000019073486,59,920
5553957443,2016-04-29 00:00:00.0000000,2169,1,450,495,12764,8.32999992370605,8.32999992370605,0,3.42999994754792,4.90999984741211,61,979
4702921684,2016-04-17 00:00:00.0000000,3394,1,591,612,12692,10.289999961853,10.289999961853,0,4.4200000166893,5.88000011444092,78,739
1503960366,2016-04-16 00:00:00.0000000,1863,2,340,367,12669,8.15999984741211,8.15999984741211,0,3.12000003457069,5.03999996185303,46,994
6962181067,2016-04-28 00:00:00.0000000,2182,1,440,453,12627,8.35000038146973,8.35000038146973,0,2.74999998509884,5.59000015258789,46,909
5577150313,2016-04-19 00:00:00.0000000,3501,1,449,465,12574,9.42000007629395,9.42000007629395,0,7.6599999666214,1.75999999046326,131,844
4388161847,2016-04-30 00:00:00.0000000,3283,2,409,430,12533,9.64000034332275,9.64000034332275,0,2.69999998807907,6.94000005722046,57,837
7086361926,2016-05-06 00:00:00.0000000,2924,1,322,333,12461,8.38000011444092,8.38000011444092,0,5.24999988079071,3.11999988555908,119,988
3977333714,2016-04-19 00:00:00.0000000,1638,1,219,395,12414,8.77999973297119,8.77999973297119,0,4.69000005722046,3.96000003814697,86,959
8378563200,2016-04-25 00:00:00.0000000,4005,1,388,402,12405,9.84000015258789,9.84000015258789,2.0921471118927,5.92000019550323,3.92000007629395,133,833
8378563200,2016-04-25 00:00:00.0000000,4005,1,388,402,12405,9.84000015258789,9.84000015258789,2.0921471118927,5.92000019550323,3.92000007629395,133,833
7086361926,2016-05-01 00:00:00.0000000,2730,1,388,407,12390,8.06999969482422,8.06999969482422,0,3.19999992847442,4.84999990463257,45,943
8378563200,2016-04-13 00:00:00.0000000,4079,2,447,487,12386,9.81999969482422,9.81999969482422,2.0921471118927,5.61000001430511,4.21000003814697,130,849
4388161847,2016-05-04 00:00:00.0000000,3162,1,390,414,12375,9.52000045776367,9.52000045776367,0,3.71999996900559,5.80000019073486,56,883
5577150313,2016-04-30 00:00:00.0000000,4501,1,412,433,12363,9.23999977111816,9.23999977111816,0,6.61999994516372,2.60999989509583,252,784
2026352035,2016-04-23 00:00:00.0000000,1916,1,522,554,12357,7.71000003814697,7.71000003814697,0,0,7.71000003814697,0,890
5553957443,2016-04-21 00:00:00.0000000,2066,1,399,431,12346,8.0600004196167,8.0600004196167,0,5.11000013351441,2.96000003814697,89,978
6962181067,2016-05-09 00:00:00.0000000,2105,1,489,497,12342,8.72000026702881,8.68000030517578,3.16782188415527,5.08000004291534,3.65000009536743,64,838
3977333714,2016-05-05 00:00:00.0000000,1618,1,318,480,12312,8.57999992370605,8.57999992370605,0,5.87000012397766,2.71000003814697,102,858
5577150313,2016-04-17 00:00:00.0000000,4552,1,549,583,12231,9.14000034332275,9.14000034332275,0,6.81000000238419,2.3199999332428,237,684
1503960366,2016-05-10 00:00:00.0000000,1859,1,383,403,12207,7.76999998092651,7.76999998092651,0,4.50999987125397,3.25999999046326,77,960
8378563200,2016-04-22 00:00:00.0000000,4044,1,441,469,12200,9.67000007629395,9.67000007629395,2.0921471118927,5.49999982118607,4.17999982833862,125,928
2026352035,2016-05-05 00:00:00.0000000,1926,1,468,485,12167,7.53999996185303,7.53999996185303,0,0,7.53999996185303,0,954
1503960366,2016-05-06 00:00:00.0000000,1896,1,334,367,12159,8.02999973297119,8.02999973297119,0,2.22000002861023,5.80999994277954,30,1043
4388161847,2016-04-22 00:00:00.0000000,3544,1,82,85,12139,9.34000015258789,9.34000015258789,0,4.40999996662139,4.92000007629395,102,1165
6962181067,2016-05-03 00:00:00.0000000,2072,1,394,418,12109,8.11999988555908,8.11999988555908,0,3.77999997138977,4.32999992370605,57,921
5577150313,2016-04-15 00:00:00.0000000,4005,1,392,413,12087,9.07999992370605,9.07999992370605,0,5.52000010013581,3.55999994277954,169,894
3977333714,2016-04-23 00:00:00.0000000,1638,1,235,372,12058,8.06999969482422,8.06999969482422,0,4.21999979019165,3.84999990463257,92,976
1503960366,2016-05-09 00:00:00.0000000,1819,1,338,342,12022,7.71999979019165,7.71999979019165,0,3.98000001907349,3.74000000953674,57,1041
1503960366,2016-05-07 00:00:00.0000000,1821,1,331,349,11992,7.71000003814697,7.71000003814697,0,4.57999992370605,3.13000011444092,83,1008
5553957443,2016-04-26 00:00:00.0000000,2093,1,412,453,11886,7.76000022888184,7.76000022888184,0,3.29999989271164,4.46000003814697,58,988
6962181067,2016-04-21 00:00:00.0000000,2179,1,451,457,11835,9.71000003814697,7.88000011444092,4.08169221878052,6.08999991416931,3.61999998986721,80,922
4020332650,2016-05-05 00:00:00.0000000,3429,1,226,248,11728,8.43000030517578,8.43000030517578,0,4.29999983310699,4.10999996215105,80,1112
5553957443,2016-04-22 00:00:00.0000000,2105,1,322,353,11682,7.63000011444092,7.63000011444092,0,2.00999999046326,5.59999990463257,41,1051
3977333714,2016-05-06 00:00:00.0000000,1590,1,323,512,11677,8.27999973297119,8.27999973297119,0,5.61999988555909,2.67000007629395,84,844
3977333714,2016-04-18 00:00:00.0000000,1584,2,412,522,11663,7.80000019073486,7.80000019073486,0,3.98000001907349,3.8199999332428,99,819
3977333714,2016-04-20 00:00:00.0000000,1554,2,152,305,11658,7.82999992370605,7.82999992370605,0,4.5499999076128,3.27999997138977,100,1009
5553957443,2016-05-09 00:00:00.0000000,2272,1,453,494,11611,7.57999992370605,7.57999992370605,0,3.02000010013581,4.55999994277954,81,918
5553957443,2016-04-12 00:00:00.0000000,2026,1,441,464,11596,7.57000017166138,7.57000017166138,0,2.16000002622604,5.40999984741211,32,1044
7086361926,2016-04-28 00:00:00.0000000,2862,1,354,367,11584,7.80000019073486,7.80000019073486,0,4.42999994754792,3.35999989509583,102,971
3977333714,2016-05-07 00:00:00.0000000,1574,1,237,443,11550,7.73000001907349,7.73000001907349,0,4.13000011444092,3.58999991416931,86,911
6117666160,2016-04-23 00:00:00.0000000,2651,1,492,539,11495,8.68000030517578,8.68000030517578,0,0,8.68000030517578,0,980
2347167796,2016-04-27 00:00:00.0000000,2194,1,448,499,11423,7.57999992370605,7.57999992370605,0,2.26000002026557,5.32000017166138,35,918
8378563200,2016-05-01 00:00:00.0000000,3369,1,475,539,11419,9.0600004196167,9.0600004196167,0,6.59000021219254,2.47000002861023,81,796
6962181067,2016-04-18 00:00:00.0000000,2039,1,442,458,11404,7.53999996185303,7.53999996185303,0,3.22000008821487,4.32000017166138,55,927
5553957443,2016-04-28 00:00:00.0000000,1999,1,421,457,11393,7.63000011444092,7.63000011444092,0,4.46000003814697,3.17000007629395,62,892
3977333714,2016-04-26 00:00:00.0000000,1551,1,250,371,11388,7.61999988555908,7.61999988555908,0,4.66999977827072,2.95000004768372,102,967
7086361926,2016-04-12 00:00:00.0000000,2772,1,514,525,11317,8.40999984741211,8.40999984741211,0,5.41999998688697,2.97000002861023,65,898
8378563200,2016-04-16 00:00:00.0000000,3363,2,611,689,11207,8.89000034332275,8.89000034332275,0,6.43999993801117,2.44000005722046,85,705
4388161847,2016-04-27 00:00:00.0000000,3074,1,439,500,11193,8.60999965667725,8.60999965667725,0,3.20999997854233,5.3899998664856,59,925
1503960366,2016-04-29 00:00:00.0000000,1837,1,341,354,11181,7.15000009536743,7.15000009536743,0,1.55999994277954,5.57999992370605,28,1058
3977333714,2016-04-25 00:00:00.0000000,1570,1,262,467,11177,8.47999954223633,8.47999954223633,0,6.04999989271164,2.41000008583069,59,914
4702921684,2016-04-16 00:00:00.0000000,3328,2,382,406,11140,9.02999973297119,9.02999973297119,0,1.48999999463558,7.53999996185303,27,891
6117666160,2016-04-19 00:00:00.0000000,2606,1,465,492,11135,8.40999984741211,8.40999984741211,0,0,8.40999984741211,0,905
7086361926,2016-04-27 00:00:00.0000000,2693,1,469,479,11107,8.34000015258789,8.34000015258789,0,5.81000012159348,2.52999997138977,61,974
5577150313,2016-05-03 00:00:00.0000000,3795,1,508,543,11045,8.25,8.25,0,4.66999998688697,3.5699999332428,105,792
4388161847,2016-04-18 00:00:00.0000000,3274,1,99,104,11009,9.10000038146973,9.10000038146973,0,3.95999994874,5.1399998664856,35,1256
7086361926,2016-05-04 00:00:00.0000000,2655,1,420,436,10988,8.3100004196167,8.3100004196167,0,5.40000020712614,2.90000009536743,57,978
5553957443,2016-04-25 00:00:00.0000000,2033,1,433,468,10946,7.19000005722046,7.19000005722046,0,3.50000005960464,3.69000005722046,62,933
5577150313,2016-04-21 00:00:00.0000000,4018,1,414,437,10830,8.09000015258789,8.09000015258789,0,5.31000006198883,2.77999997138977,184,845
4319703577,2016-04-28 00:00:00.0000000,2367,1,497,522,10817,7.28000020980835,7.28000020980835,0,1.34000000357628,5.94000005722046,21,911
4319703577,2016-04-27 00:00:00.0000000,2324,1,286,307,10780,7.23000001907349,7.23000001907349,0,2.32999995350838,4.90999984741211,53,980
6962181067,2016-04-29 00:00:00.0000000,2254,1,433,447,10762,7.1100001335144,7.1100001335144,0,1.29999998211861,5.80999994277954,27,1014
6962181067,2016-04-19 00:00:00.0000000,2046,1,476,535,10742,7.09999990463257,7.09999990463257,0,4.23000001907349,2.86999988555908,76,854
1503960366,2016-04-13 00:00:00.0000000,1797,2,384,407,10735,6.96999979019165,6.96999979019165,0,2.2600000500679,4.71000003814697,40,993
6962181067,2016-04-22 00:00:00.0000000,2086,1,425,435,10725,7.09000015258789,7.09000015258789,0,3.31999993324279,3.76999998092651,63,899
7086361926,2016-04-19 00:00:00.0000000,2944,1,472,483,10688,7.28999996185303,7.28999996185303,0,4.75999999046326,2.50999999046326,136,795
2026352035,2016-05-09 00:00:00.0000000,1869,1,531,556,10685,6.61999988555908,6.61999988555908,0,0,6.59999990463257,0,944
7086361926,2016-05-08 00:00:00.0000000,2534,1,481,510,10677,7.09999990463257,7.09999990463257,0,3.83999991416931,3.25,59,842
3977333714,2016-04-29 00:00:00.0000000,1545,1,333,478,10645,7.75,7.75,0,5.03999996185302,2.71000003814697,68,894
4702921684,2016-05-10 00:00:00.0000000,3172,1,416,431,10613,8.60999965667725,8.60999965667725,0,1.95999999344349,6.65000009536743,38,963
1503960366,2016-05-01 00:00:00.0000000,1820,1,369,396,10602,6.80999994277954,6.80999994277954,0,3.88999998569489,2.92000007629395,68,976
4388161847,2016-04-20 00:00:00.0000000,3083,1,421,451,10553,8.11999988555908,8.11999988555908,0,2.82000005245209,5.28999996185303,61,924
1503960366,2016-04-20 00:00:00.0000000,1786,1,360,377,10544,6.67999982833862,6.67999982833862,0,2.44000002741813,4.23999977111816,40,1023
5553957443,2016-04-27 00:00:00.0000000,1922,1,347,391,10538,6.88000011444092,6.88000011444092,0,2.13999998569489,4.73999977111816,32,951
6962181067,2016-05-05 00:00:00.0000000,2066,1,467,491,10524,6.96000003814697,6.96000003814697,0,2.14999997615814,4.80999994277954,36,896
2347167796,2016-04-15 00:00:00.0000000,2133,1,452,504,10465,6.92000007629395,6.92000007629395,0,1.48999995738268,5.42999982833862,25,1004
6117666160,2016-04-20 00:00:00.0000000,2536,1,474,502,10449,8.02000045776367,8.02000045776367,0,2.50999996066093,5.51999998092651,36,936
6962181067,2016-04-26 00:00:00.0000000,2012,1,441,446,10433,6.90000009536743,6.90000009536743,0,2.99999991059303,3.90000009536743,43,934
3977333714,2016-04-17 00:00:00.0000000,1529,1,381,566,10415,6.96999979019165,6.96999979019165,0,3.04999989271164,3.92000007629395,69,805
3977333714,2016-05-01 00:00:00.0000000,1501,1,383,626,10414,7.07000017166138,7.07000017166138,0,4.65000009536744,2.41000008583069,81,815
7086361926,2016-04-26 00:00:00.0000000,2781,1,485,500,10387,7.07000017166138,7.07000017166138,0,4.92999982833862,2.11999988555908,103,858
4319703577,2016-05-09 00:00:00.0000000,2345,1,535,565,10378,6.96000003814697,6.96000003814697,0,0.700000002980232,6.25,16,864
2347167796,2016-04-13 00:00:00.0000000,2038,1,467,531,10352,7.01000022888184,7.01000022888184,0,3.60000002384186,3.41000008583069,51,871
6962181067,2016-04-27 00:00:00.0000000,2034,1,455,467,10320,6.82000017166138,6.82000017166138,0,2.56999999284744,4.25,45,976
4388161847,2016-05-10 00:00:00.0000000,3061,1,354,375,10299,7.92000007629395,7.92000007629395,0,1.45999997854233,6.46000003814697,27,915
7086361926,2016-05-03 00:00:00.0000000,2754,1,456,461,10288,6.76000022888184,6.76000022888184,0,3.5900000333786,3.16000008583069,93,913
4388161847,2016-05-01 00:00:00.0000000,2926,1,547,597,10255,7.8899998664856,7.8899998664856,0,1.68999999761582,6.19999980926514,27,820
4020332650,2016-05-04 00:00:00.0000000,3879,1,478,536,10252,7.34999990463257,7.34999990463257,0,1.70999997854233,5.57999992370605,59,877
4388161847,2016-04-24 00:00:00.0000000,2885,3,552,595,10243,7.88000011444092,7.88000011444092,0,1.5900000333786,6.30000019073486,22,823
4388161847,2016-05-09 00:00:00.0000000,3013,1,62,65,10218,7.8600001335144,7.8600001335144,0,1.07000002264977,6.78999996185303,25,1278
4319703577,2016-04-14 00:00:00.0000000,2302,1,535,557,10210,6.88000011444092,6.88000011444092,0,0.440000012516976,6.44000005722046,10,928
4388161847,2016-05-11 00:00:00.0000000,2954,1,469,494,10201,7.84000015258789,7.84000015258789,0,1.31999999284744,6.53000020980835,26,1114
6962181067,2016-04-12 00:00:00.0000000,1994,1,366,387,10199,6.73999977111816,6.73999977111816,0,4.23000007867813,2.50999999046326,64,985
4388161847,2016-04-19 00:00:00.0000000,3015,1,329,338,10181,7.82999992370605,7.82999992370605,0,2.06000000238418,5.76999998092651,36,953
6962181067,2016-05-04 00:00:00.0000000,2086,1,442,455,10147,6.71000003814697,6.71000003814697,0,2.14999994635582,4.55000019073486,51,967
6962181067,2016-04-17 00:00:00.0000000,2027,1,427,446,10145,6.71000003814697,6.71000003814697,0,1.01000002026558,5.69000005722046,18,929
4702921684,2016-04-30 00:00:00.0000000,3115,1,479,501,10144,8.22999954223633,8.22999954223633,0,2.34999996423721,5.88000011444092,40,991
2347167796,2016-04-14 00:00:00.0000000,2010,1,445,489,10129,6.69999980926514,6.69999980926514,0,2.76000000908971,3.94000005722046,49,911
4388161847,2016-05-02 00:00:00.0000000,3147,2,368,376,10096,8.39999961853027,8.39999961853027,0,3.84999997913837,4.55000019073486,37,1139
7086361926,2016-04-25 00:00:00.0000000,2752,1,446,447,10091,6.82000017166138,6.82000017166138,0,4.44999998807907,2.36999988555908,108,835
6962181067,2016-04-30 00:00:00.0000000,2002,1,422,424,10081,6.65999984741211,6.65999984741211,0,3,3.67000007629395,48,968
2347167796,2016-04-21 00:00:00.0000000,2048,1,460,484,10080,6.75,6.75,0,3.37999999523163,3.38000011444092,49,969
4388161847,2016-04-28 00:00:00.0000000,2969,1,428,458,10074,7.75,7.75,0,1.71999996900559,6.03000020980835,28,1112
1503960366,2016-05-08 00:00:00.0000000,1740,1,594,611,10060,6.57999992370605,6.57999992370605,0,3.84999996423721,2.73000001907349,52,777
4388161847,2016-04-21 00:00:00.0000000,3069,1,442,458,10055,7.73000001907349,7.73000001907349,0,0.759999990463257,6.98000001907349,19,1125
7086361926,2016-05-02 00:00:00.0000000,2754,1,440,459,10052,6.80999994277954,6.80999994277954,0,4.14000004529953,2.66000008583069,92,876
1503960366,2016-04-24 00:00:00.0000000,1788,1,430,449,10039,6.40999984741211,6.40999984741211,0,3.13000006973744,3.27999997138977,44,947
3977333714,2016-04-13 00:00:00.0000000,1495,2,295,456,10035,6.71000003814697,6.71000003814697,0,4.16000008583069,2.54999995231628,77,907
4702921684,2016-04-29 00:00:00.0000000,3165,1,433,447,9930,8.05000019073486,8.05000019073486,0,1.97999995946884,6.07000017166138,31,959
4319703577,2016-04-26 00:00:00.0000000,2236,1,505,516,9899,6.6399998664856,6.6399998664856,0,1.49000000953674,5.15000009536743,29,937
5577150313,2016-04-18 00:00:00.0000000,3625,1,527,553,9893,7.3899998664856,7.3899998664856,0,5.58000016212463,1.82000005245209,146,753
5577150313,2016-04-28 00:00:00.0000000,3580,1,361,372,9841,7.42999982833862,7.42999982833862,0,4.41999995708466,3.00999999046326,150,833
1503960366,2016-04-21 00:00:00.0000000,1775,1,325,364,9819,6.34000015258789,6.34000015258789,0,1.69000002741814,4.65000009536743,27,1049
4702921684,2016-05-11 00:00:00.0000000,3069,1,354,366,9810,7.96000003814697,7.96000003814697,0,2.94000005722046,4.98000001907349,51,1019
6117666160,2016-05-05 00:00:00.0000000,2636,1,392,415,9799,7.40000009536743,7.40000009536743,0,0,7.40000009536743,0,966
5553957443,2016-05-02 00:00:00.0000000,1996,1,409,471,9769,6.38000011444092,6.38000011444092,0,1.46999993920326,4.90000009536743,32,951
1503960366,2016-04-15 00:00:00.0000000,1745,1,412,442,9762,6.28000020980835,6.28000020980835,0,3.40000009536743,2.82999992370605,63,935
7086361926,2016-04-22 00:00:00.0000000,2846,1,428,448,9753,6.53000020980835,6.53000020980835,0,3.83999991416931,2.67000007629395,117,915
1503960366,2016-04-17 00:00:00.0000000,1728,1,700,712,9705,6.48000001907349,6.48000001907349,0,3.97000002861023,2.50999999046326,58,703
4319703577,2016-05-03 00:00:00.0000000,2235,1,474,512,9648,6.46999979019165,6.46999979019165,0,1.65000003576279,4.82999992370605,34,956
5553957443,2016-05-06 00:00:00.0000000,1916,1,400,434,9632,6.28999996185303,6.28999996185303,0,2.06000000238418,4.23000001907349,30,990
4388161847,2016-05-05 00:00:00.0000000,2899,1,471,495,9603,7.38000011444092,7.38000011444092,0,2.29999995231629,5.09000015258789,51,1095
4388161847,2016-05-05 00:00:00.0000000,2899,1,471,495,9603,7.38000011444092,7.38000011444092,0,2.29999995231629,5.09000015258789,51,1095
6117666160,2016-04-29 00:00:00.0000000,2560,1,600,636,9592,7.23999977111816,7.23999977111816,0,0,7.23999977111816,0,940
7086361926,2016-05-11 00:00:00.0000000,2735,1,451,463,9572,6.51999998092651,6.51999998092651,0,4.28000009059906,2.23000001907349,97,885
4319703577,2016-05-06 00:00:00.0000000,2266,1,450,491,9524,6.42000007629395,6.42000007629395,0,0.879999995231628,5.46000003814697,17,1006
4319703577,2016-05-10 00:00:00.0000000,2260,1,487,517,9487,6.36999988555908,6.36999988555908,0,0.670000001788139,5.69999980926514,15,884
2347167796,2016-04-25 00:00:00.0000000,2095,1,433,471,9482,6.38000011444092,6.38000011444092,0,1.78999996185302,4.59999990463257,26,930
2347167796,2016-04-24 00:00:00.0000000,2187,1,442,459,9471,6.26000022888184,6.26000022888184,0,0,6.26000022888184,0,944
7086361926,2016-04-21 00:00:00.0000000,2463,1,390,411,9469,6.17999982833862,6.17999982833862,0,1.66000002622604,4.51000022888184,25,964
4388161847,2016-04-26 00:00:00.0000000,2929,1,319,346,9461,7.28000020980835,7.28000020980835,0,1.99999994039535,5.26999998092651,37,897
4702921684,2016-05-03 00:00:00.0000000,3145,1,327,373,9454,7.67000007629395,7.67000007629395,0,0,7.67000007629395,0,1042
6117666160,2016-04-27 00:00:00.0000000,2576,1,542,557,9411,7.1100001335144,7.1100001335144,0,0,7.1100001335144,0,875
8378563200,2016-04-20 00:00:00.0000000,3787,1,381,409,9388,7.44000005722046,7.44000005722046,2.0921471118927,2.6700000166893,4.78000020980835,90,932
4319703577,2016-05-02 00:00:00.0000000,2270,1,478,506,9261,6.23999977111816,6.23999977111816,0,0.439999997615814,5.71000003814697,11,929
4319703577,2016-04-25 00:00:00.0000000,2314,1,488,506,9259,6.21000003814697,6.21000003814697,0,0.280000001192093,5.92999982833862,8,934
5577150313,2016-04-22 00:00:00.0000000,3329,1,338,366,9172,6.84999990463257,6.84999990463257,0,3.21000009775162,3.29999995231628,92,1023
4702921684,2016-04-25 00:00:00.0000000,3064,1,370,380,9167,7.42999982833862,7.42999982833862,0,1.31000000238419,6.1100001335144,21,1000
4558609924,2016-04-26 00:00:00.0000000,2223,1,103,121,9148,6.05000019073486,6.05000019073486,0,2.45999997854233,3.58999991416931,53,1345
8378563200,2016-05-11 00:00:00.0000000,3788,1,368,387,9143,7.25,7.25,2.0921471118927,1.97999995946885,5.26999998092651,82,947
4319703577,2016-05-11 00:00:00.0000000,2232,1,529,558,9129,6.13000011444092,6.13000011444092,0,0.940000012516975,5.17999982833862,21,885
7086361926,2016-04-14 00:00:00.0000000,2734,1,472,476,9123,6.11999988555908,6.11999988555908,0,2.35999998450279,3.66000008583069,67,976
4445114986,2016-05-11 00:00:00.0000000,2499,1,499,530,9105,6.1100001335144,6.1100001335144,0,3.25,2.85999989509583,56,854
4702921684,2016-04-18 00:00:00.0000000,3013,1,293,312,9105,7.38000011444092,7.38000011444092,0,3.31000006198883,4.07000017166138,52,1081
4702921684,2016-04-28 00:00:00.0000000,3033,1,442,461,9023,7.32000017166138,7.32000017166138,0,1.54999998211861,5.76999998092651,23,970
3977333714,2016-04-15 00:00:00.0000000,1468,1,424,556,9010,6.05999994277954,6.05999994277954,0,2.79999995231628,3.25999999046326,57,827
4319703577,2016-04-20 00:00:00.0000000,2220,1,523,543,8954,6.01000022888184,6.01000022888184,0,0.680000007152557,5.30999994277954,18,977
4319703577,2016-04-19 00:00:00.0000000,2200,2,461,498,8925,5.98999977111816,5.98999977111816,0,0,5.98999977111816,0,915
6117666160,2016-05-01 00:00:00.0000000,2361,1,507,575,8915,6.73000001907349,6.73000001907349,0,0,6.73000001907349,0,922
3977333714,2016-04-22 00:00:00.0000000,1481,1,355,476,8911,5.96000003814697,5.96000003814697,0,2.90999990701675,3.05999994277954,45,919
2026352035,2016-05-12 00:00:00.0000000,1364,1,456,485,8891,5.51000022888184,5.51000022888184,0,0,5.51000022888184,0,673
5577150313,2016-05-10 00:00:00.0000000,3841,1,504,562,8869,6.65000009536743,6.65000009536743,0,3.30999994277954,3.34999990463257,141,833
3977333714,2016-04-12 00:00:00.0000000,1450,1,274,469,8856,5.98000001907349,5.98000001907349,0,3.96999996900558,2.00999999046326,63,908
4702921684,2016-04-20 00:00:00.0000000,3061,1,454,468,8793,7.13000011444092,7.13000011444092,0,1.39000001549721,5.73000001907349,31,977
4388161847,2016-04-15 00:00:00.0000000,3066,1,499,526,8758,6.73000001907349,6.73000001907349,0,0,6.73000001907349,0,1136
8378563200,2016-05-03 00:00:00.0000000,3784,1,405,429,8712,6.90999984741211,6.90999984741211,2.25308108329773,2.39999997615814,4.5,91,1017
4702921684,2016-05-05 00:00:00.0000000,3006,1,414,428,8614,6.98999977111816,6.98999977111816,0,0.890000015497208,6.09000015258789,13,986
5577150313,2016-04-14 00:00:00.0000000,4022,1,477,497,8596,6.42000007629395,6.42000007629395,0,3.63999992609024,2.77999997138977,148,838
7086361926,2016-04-15 00:00:00.0000000,2395,1,377,386,8585,5.67000007629395,5.67000007629395,0,3.14999997615814,2.52999997138977,51,1003
2026352035,2016-05-11 00:00:00.0000000,1698,1,523,553,8580,5.32000017166138,5.32000017166138,0,0,5.32000017166138,0,899
8378563200,2016-05-05 00:00:00.0000000,3783,1,381,417,8567,6.78999996185303,6.78999996185303,2.25308108329773,1.04999998211861,5.73999977111816,69,978
4020332650,2016-04-12 00:00:00.0000000,3654,1,501,541,8539,6.11999988555908,6.11999988555908,0,0.390000000596046,5.67999982833862,19,1043
8378563200,2016-05-09 00:00:00.0000000,3721,1,359,399,8382,6.65000009536743,6.65000009536743,2.0921471118927,1.93000000715255,4.71999979019165,84,943
8792009665,2016-04-29 00:00:00.0000000,3101,1,398,406,8360,5.34999990463257,5.34999990463257,0,0.420000001788139,4.92999982833862,20,1014
5577150313,2016-04-20 00:00:00.0000000,3192,1,447,480,8330,6.21999979019165,6.21999979019165,0,4.45999988913536,1.75999999046326,103,886
2347167796,2016-04-18 00:00:00.0000000,1944,1,500,557,8247,5.44999980926514,5.44999980926514,0,1.65000003576279,3.78999996185303,27,884
4702921684,2016-05-09 00:00:00.0000000,2990,1,435,458,8232,6.67999982833862,6.67999982833862,0,0.569999992847443,6.09999990463257,12,999
4319703577,2016-04-30 00:00:00.0000000,2092,1,490,516,8221,5.51999998092651,5.51999998092651,0,2.01000002026557,3.50999999046326,44,891
6117666160,2016-04-22 00:00:00.0000000,2409,1,480,546,8206,6.19999980926514,6.19999980926514,0,0,6.19999980926514,0,815
2026352035,2016-05-06 00:00:00.0000000,1736,1,524,548,8198,5.07999992370605,5.07999992370605,0,0,5.07999992370605,0,894
4702921684,2016-05-04 00:00:00.0000000,3004,1,412,434,8161,6.61999988555908,6.61999988555908,0,1.07000002264977,5.53999996185303,19,1008
5577150313,2016-04-12 00:00:00.0000000,3405,1,419,438,8135,6.07999992370605,6.07999992370605,0,3.9799998998642,2.09999990463257,102,868
4319703577,2016-04-29 00:00:00.0000000,2175,1,523,546,7990,5.3600001335144,5.3600001335144,0,1.24000000953674,4.11999988555908,24,913
4319703577,2016-05-07 00:00:00.0000000,2158,1,507,530,7937,5.32999992370605,5.32999992370605,0,1.23999994993209,4.07999992370605,31,865
5577150313,2016-04-29 00:00:00.0000000,3544,1,459,485,7924,5.92000007629395,5.92000007629395,0,3.44999992847443,2.47000002861023,133,904
8378563200,2016-05-04 00:00:00.0000000,3110,1,441,477,7875,6.23999977111816,6.23999977111816,0,2.04999995231628,4.19999980926514,29,847
4702921684,2016-04-14 00:00:00.0000000,2984,1,384,415,7860,6.36999988555908,6.36999988555908,0,0,6.36999988555908,0,1043
4558609924,2016-04-29 00:00:00.0000000,1918,1,171,179,7833,5.17999982833862,5.17999982833862,0,2.87000000476837,2.30999994277954,44,1293
2347167796,2016-04-22 00:00:00.0000000,1946,1,405,461,7804,5.15999984741211,5.15999984741211,0,2.2399999499321,2.92000007629395,36,987
3977333714,2016-04-14 00:00:00.0000000,1433,1,291,397,7641,5.1100001335144,5.1100001335144,0,1.29000002145767,3.8199999332428,28,1015
5577150313,2016-04-23 00:00:00.0000000,3152,1,384,402,7638,5.71000003814697,5.71000003814697,0,1.57000005245208,4.1399998664856,48,850
8378563200,2016-04-12 00:00:00.0000000,3635,1,338,356,7626,6.05000019073486,6.05000019073486,2.25308108329773,1.53999996185303,4.5,80,879
6117666160,2016-04-24 00:00:00.0000000,2305,1,353,367,7623,5.76000022888184,5.76000022888184,0,0,5.76000022888184,0,1073
2026352035,2016-04-29 00:00:00.0000000,1692,1,490,510,7604,4.71000003814697,4.71000003814697,0,0,4.71000003814697,0,844
5577150313,2016-05-05 00:00:00.0000000,3004,1,74,78,7550,5.6399998664856,5.6399998664856,0,2.96999999880791,2.67000007629395,66,1296
4445114986,2016-05-03 00:00:00.0000000,2421,2,417,450,7502,5.17999982833862,5.17999982833862,0,2.59000001847744,2.57999992370605,32,958
5577150313,2016-05-02 00:00:00.0000000,3014,2,525,553,7439,5.55999994277954,5.55999994277954,0,1.46999999880791,4.07000017166138,57,967
8378563200,2016-04-27 00:00:00.0000000,3061,1,531,600,7359,5.84000015258789,5.84000015258789,0,0.510000020265579,5.32999992370605,8,868
6117666160,2016-05-07 00:00:00.0000000,2469,2,498,507,7336,5.53999996185303,5.53999996185303,0,0,5.53999996185303,0,868
6117666160,2016-05-08 00:00:00.0000000,2250,1,555,603,7328,5.53000020980835,5.53000020980835,0,0,5.53000020980835,0,835
4445114986,2016-05-08 00:00:00.0000000,2423,1,361,391,7303,4.90000009536743,4.90000009536743,0,0.25,4.65000009536743,8,1041
4445114986,2016-04-27 00:00:00.0000000,2361,1,332,374,7243,5.03000020980835,5.03000020980835,0,2.64999988488853,2.38000011444092,33,1033
2026352035,2016-04-20 00:00:00.0000000,1667,1,461,510,7222,4.48000001907349,4.48000001907349,0,0,4.48000001907349,0,950
4702921684,2016-04-12 00:00:00.0000000,2947,1,425,439,7213,5.88000011444092,5.88000011444092,0,0,5.84999990463257,0,981
4445114986,2016-04-15 00:00:00.0000000,2496,2,337,379,7198,4.82999992370605,4.82999992370605,0,0,4.82999992370605,0,1061
3977333714,2016-04-27 00:00:00.0000000,1377,1,349,540,7193,5.03999996185303,5.03999996185303,0,0.419999986886978,4.61999988555908,10,890
8792009665,2016-04-30 00:00:00.0000000,2896,1,343,360,7174,4.59000015258789,4.59000015258789,0,0.690000027418137,3.91000008583069,30,1050
6117666160,2016-04-17 00:00:00.0000000,2225,2,336,350,7150,5.40000009536743,5.40000009536743,0,0,5.40000009536743,0,1014
3977333714,2016-04-28 00:00:00.0000000,1407,1,261,423,7114,4.88000011444092,4.88000011444092,0,1.65999999642372,3.22000002861023,23,994
4702921684,2016-04-27 00:00:00.0000000,2908,1,432,449,7047,5.71999979019165,5.71999979019165,0,0.890000015497208,4.78000020980835,17,971
8378563200,2016-05-06 00:00:00.0000000,3644,1,323,355,7045,5.59000015258789,5.59000015258789,2.0921471118927,1.79999995231628,3.77999997138977,79,997
2026352035,2016-05-02 00:00:00.0000000,1690,1,511,543,7018,4.34999990463257,4.34999990463257,0,0,4.34999990463257,0,1071
4702921684,2016-05-06 00:00:00.0000000,2859,1,404,449,6943,5.63000011444092,5.63000011444092,0,0.740000024437905,4.86999988555908,17,889
4445114986,2016-05-02 00:00:00.0000000,2336,1,502,542,6910,4.75,4.75,0,2.40000003576278,2.34999990463257,31,867
4702921684,2016-04-13 00:00:00.0000000,2898,2,400,430,6877,5.57999992370605,5.57999992370605,0,0,5.57999992370605,0,1035
4445114986,2016-04-22 00:00:00.0000000,2432,1,388,417,6831,4.57999992370605,4.57999992370605,0,0,4.57999992370605,0,1023
6962181067,2016-05-07 00:00:00.0000000,1947,1,298,334,6815,4.5,4.5,0,0,4.5,0,1073
5577150313,2016-04-27 00:00:00.0000000,3294,1,424,452,6805,5.1399998664856,5.1399998664856,0,2.20999994874,2.9300000667572,79,963
1644430081,2016-05-08 00:00:00.0000000,2987,1,137,154,6724,4.8899998664856,4.8899998664856,0,0,4.88000011444092,0,1286
6962181067,2016-05-11 00:00:00.0000000,1855,1,452,480,6722,4.44000005722046,4.44000005722046,0,1.80000001192093,2.65000009536743,31,908
2347167796,2016-04-19 00:00:00.0000000,2346,1,465,514,6711,4.44000005722046,4.44000005722046,0,0,4.44000005722046,7,1030
4702921684,2016-04-19 00:00:00.0000000,2812,1,457,487,6708,5.44000005722046,5.44000005722046,0,1.25,4.19000005722046,18,936
8378563200,2016-05-10 00:00:00.0000000,3586,1,342,391,6582,5.21999979019165,5.21999979019165,2.25308108329773,1.30000001192093,3.92000007629395,76,992
4388161847,2016-04-16 00:00:00.0000000,3073,2,426,448,6580,5.05999994277954,5.05999994277954,0,0.609999999403953,4.44999980926514,15,862
2026352035,2016-05-04 00:00:00.0000000,1658,1,538,560,6564,4.07000017166138,4.07000017166138,0,0,4.07000017166138,0,875
4558609924,2016-05-08 00:00:00.0000000,2666,1,123,134,6543,4.32999992370605,4.32999992370605,0,2.29999995231628,2.01999998092651,101,1257
4702921684,2016-04-21 00:00:00.0000000,2729,1,425,434,6530,5.30000019073486,5.30000019073486,0,2.35999995470047,2.94000005722046,45,1045
4702921684,2016-04-15 00:00:00.0000000,2896,1,253,257,6506,5.28000020980835,5.28000020980835,0,0.489999987185001,4.78999996185303,9,1200
5577150313,2016-04-25 00:00:00.0000000,3374,1,421,461,6393,4.78000020980835,4.78000020980835,0,2.02000004053116,2.75999999046326,99,957
2026352035,2016-04-28 00:00:00.0000000,1649,1,513,545,6375,3.95000004768372,3.95000004768372,0,0,3.95000004768372,0,957
4445114986,2016-04-26 00:00:00.0000000,2291,2,353,391,6326,4.40999984741211,4.40999984741211,0,2.45000008493662,1.96000003814697,30,1019
4445114986,2016-04-30 00:00:00.0000000,2363,1,322,353,6222,4.17999982833862,4.17999982833862,0,0,4.17999982833862,0,1087
8378563200,2016-04-29 00:00:00.0000000,2982,1,527,562,6175,4.90000009536743,4.90000009536743,0,0.610000014305115,4.26999998092651,10,939
8792009665,2016-04-28 00:00:00.0000000,2780,1,402,416,6157,3.94000005722046,3.94000005722046,0,0,3.94000005722046,0,1024
4702921684,2016-04-26 00:00:00.0000000,2784,1,421,429,6108,4.94999980926514,4.94999980926514,0,0.419999994337559,4.53999996185303,9,981
3977333714,2016-04-21 00:00:00.0000000,1397,1,332,512,6093,4.07999992370605,4.07999992370605,0,0,4.05999994277954,0,954
2026352035,2016-04-27 00:00:00.0000000,1593,1,508,545,6088,3.76999998092651,3.76999998092651,0,0,3.76999998092651,0,872
5553957443,2016-05-08 00:00:00.0000000,1762,1,568,608,6083,4,4,0,0.689999997615814,3.29999995231628,11,715
8378563200,2016-05-02 00:00:00.0000000,3491,1,351,385,6064,4.80999994277954,4.80999994277954,2.0921471118927,0.799999997019767,4.01000022888184,67,944
2026352035,2016-04-25 00:00:00.0000000,1576,1,506,531,6017,3.73000001907349,3.73000001907349,0,0,3.73000001907349,0,1081
2347167796,2016-04-26 00:00:00.0000000,1861,1,436,490,5980,3.95000004768372,3.95000004768372,0,0,3.95000004768372,0,959
6962181067,2016-05-06 00:00:00.0000000,1850,1,443,462,5908,3.91000008583069,3.91000008583069,0,0,3.91000008583069,0,1016
4020332650,2016-05-08 00:00:00.0000000,3089,1,364,402,5862,4.19999980926514,4.19999980926514,0,0,4.15000009536743,0,1038
7086361926,2016-04-13 00:00:00.0000000,2516,1,451,465,5813,3.61999988555908,3.61999988555908,0,0.769999995827675,2.83999991416931,57,899
5553957443,2016-04-16 00:00:00.0000000,1831,2,651,686,5771,3.76999998092651,3.76999998092651,0,0,3.76999998092651,0,809
8378563200,2016-04-23 00:00:00.0000000,2908,1,565,591,5709,4.53000020980835,4.53000020980835,0,2.03999996185302,2.48000001907349,29,876
4319703577,2016-04-15 00:00:00.0000000,1985,1,465,491,5664,3.79999995231628,3.79999995231628,0,0,3.79999995231628,0,980
6962181067,2016-04-13 00:00:00.0000000,1718,3,630,679,5652,3.74000000953674,3.74000000953674,0,1.78000003099441,1.96000003814697,32,690
7007744171,2016-05-01 00:00:00.0000000,2225,1,58,61,5600,3.75,3.75,0,0,3.75,0,1379
6962181067,2016-04-15 00:00:00.0000000,1756,1,370,386,5563,3.6800000667572,3.6800000667572,0,0,3.6800000667572,0,1054
4020332650,2016-05-10 00:00:00.0000000,2926,1,442,494,5546,3.98000001907349,3.98000001907349,0,0,3.90999988466501,0,980
2026352035,2016-05-08 00:00:00.0000000,1555,1,541,568,5528,3.45000004768372,3.45000004768372,0,0,3.45000004768372,0,868
2347167796,2016-04-17 00:00:00.0000000,1882,1,556,602,5472,3.61999988555908,3.61999988555908,0,0.359999999403954,3.25999999046326,8,757
6962181067,2016-05-01 00:00:00.0000000,1740,1,411,426,5454,3.60999989509583,3.60999989509583,0,0,3.60999989509583,0,937
2347167796,2016-04-28 00:00:00.0000000,1854,1,408,450,5439,3.59999990463257,3.59999990463257,0,0,3.59999990463257,0,993
8378563200,2016-04-28 00:00:00.0000000,2884,1,506,556,5417,4.30000019073486,4.30000019073486,0,1.38999998569489,2.91000008583069,21,850
5577150313,2016-04-26 00:00:00.0000000,3088,1,354,377,5325,3.98000001907349,3.98000001907349,0,1.5,2.47000002861023,70,940
4445114986,2016-05-09 00:00:00.0000000,2281,1,457,533,5275,3.53999996185303,3.53999996185303,0,0,3.53999996185303,0,907
8792009665,2016-04-23 00:00:00.0000000,2748,1,339,360,5245,3.35999989509583,3.35999989509583,0,0.599999994039535,2.75,53,1027
4445114986,2016-05-01 00:00:00.0000000,2246,2,439,459,5232,3.50999999046326,3.50999999046326,0,0,3.50999999046326,0,981
5577150313,2016-05-04 00:00:00.0000000,2755,1,603,634,5206,3.89000010490417,3.89000010490417,0,1.80999994277954,2.07999992370605,34,772
4445114986,2016-05-07 00:00:00.0000000,2123,2,401,436,5183,3.58999991416931,3.58999991416931,0,2.32000011205673,1.25,30,974
5553957443,2016-05-01 00:00:00.0000000,1747,2,622,686,5164,3.36999988555908,3.36999988555908,0,0,3.36999988555908,0,673
6775888955,2016-04-14 00:00:00.0000000,2507,1,423,441,5162,3.70000004768372,3.70000004768372,0,1.73000001907349,1.97000002861023,38,968
6117666160,2016-04-18 00:00:00.0000000,2018,2,493,510,5153,3.91000008583069,3.91000008583069,0,0,3.89000010490417,0,1000
2320127002,2016-04-23 00:00:00.0000000,1804,1,61,69,5079,3.42000007629395,3.42000007629395,0,0,3.42000007629395,0,1371
5577150313,2016-04-13 00:00:00.0000000,2551,1,432,458,5077,3.78999996185303,3.78999996185303,0,0.53999999165535,3.25,26,920
6962181067,2016-04-24 00:00:00.0000000,1705,1,511,514,5029,3.3199999332428,3.3199999332428,0,0,3.3199999332428,0,919
2026352035,2016-04-13 00:00:00.0000000,1521,1,531,565,4993,3.09999990463257,3.09999990463257,0,0,3.09999990463257,0,901
4319703577,2016-04-23 00:00:00.0000000,1945,1,692,722,4935,3.30999994277954,3.30999994277954,0,0,3.30999994277954,0,779
5553957443,2016-05-11 00:00:00.0000000,1693,1,463,486,4926,3.22000002861023,3.22000002861023,0,0,3.22000002861023,0,823
5553957443,2016-04-13 00:00:00.0000000,1718,2,455,488,4832,3.16000008583069,3.16000008583069,0,0,3.16000008583069,0,873
4319703577,2016-04-16 00:00:00.0000000,1884,1,506,522,4744,3.1800000667572,3.1800000667572,0,0,3.1800000667572,0,918
2026352035,2016-04-30 00:00:00.0000000,1506,1,573,607,4729,2.9300000667572,2.9300000667572,0,0,2.9300000667572,0,827
4445114986,2016-04-29 00:00:00.0000000,2196,1,106,108,4676,3.14000010490417,3.14000010490417,0,0,3.13000011444092,0,1332
4388161847,2016-04-17 00:00:00.0000000,2572,2,619,641,4660,3.57999992370605,3.57999992370605,0,0,3.57999992370605,0,922
7007744171,2016-04-16 00:00:00.0000000,2076,1,79,82,4631,3.09999990463257,3.09999990463257,0,0,3.09999990463257,0,1358
8378563200,2016-05-12 00:00:00.0000000,1976,1,496,546,4561,3.61999988555908,3.61999988555908,0,0.919999986886978,2.69000005722046,14,535
4445114986,2016-05-06 00:00:00.0000000,2211,2,374,402,4514,3.02999997138977,3.02999997138977,0,0,3.02999997138977,0,1038
4319703577,2016-04-22 00:00:00.0000000,1886,1,533,550,4500,3.01999998092651,3.01999998092651,0,0.870000001043082,2.15000009536743,20,885
4020332650,2016-05-03 00:00:00.0000000,2828,1,322,332,4496,3.22000002861023,3.22000002861023,0,0,3.20000009611249,0,1124
4445114986,2016-04-28 00:00:00.0000000,2203,1,419,442,4493,3.00999999046326,3.00999999046326,0,0,3.00999999046326,0,998
6117666160,2016-05-09 00:00:00.0000000,1248,1,492,522,4477,3.38000011444092,3.38000011444092,0,0,3.38000011444092,0,322
8378563200,2016-05-07 00:00:00.0000000,2799,2,459,513,4468,3.53999996185303,3.53999996185303,0,0,3.53999996185303,0,1009
2026352035,2016-04-12 00:00:00.0000000,1459,1,503,546,4414,2.74000000953674,2.74000000953674,0,0.53999999165535,2.20000004768372,11,887
4020332650,2016-05-06 00:00:00.0000000,2704,1,385,408,4369,3.13000011444092,3.13000011444092,0,0,3.10999990440905,0,1032
5553957443,2016-05-04 00:00:00.0000000,1698,1,447,470,4249,2.76999998092651,2.76999998092651,0,0,2.76999998092651,0,875
2026352035,2016-05-07 00:00:00.0000000,1491,1,511,521,4193,2.59999990463257,2.59999990463257,0,0,2.59999990463257,0,894
6962181067,2016-05-08 00:00:00.0000000,1659,1,541,569,4188,2.76999998092651,2.76999998092651,0,0.519999980926514,2.25,14,860
5553957443,2016-04-23 00:00:00.0000000,1776,2,631,725,4112,2.69000005722046,2.69000005722046,0,0,2.6800000667572,0,715
4319703577,2016-04-24 00:00:00.0000000,1880,1,467,501,4081,2.74000000953674,2.74000000953674,0,0.260000001639128,2.47000002861023,6,883
8792009665,2016-04-22 00:00:00.0000000,2419,1,391,407,4068,2.59999990463257,2.59999990463257,0,0.330000001937151,2.26999998092651,21,1012
6775888955,2016-04-13 00:00:00.0000000,2400,1,235,260,4053,2.91000008583069,2.91000008583069,0,1.68999999761581,1.22000002861023,35,1138
5577150313,2016-05-11 00:00:00.0000000,1665,1,431,476,4038,3.03999996185303,3.03999996185303,0,2.13000005483627,0.889999985694885,60,320
1844505072,2016-04-30 00:00:00.0000000,1763,1,722,961,4014,2.67000007629395,2.67000007629395,0,0,2.65000009536743,0,402
4445114986,2016-04-14 00:00:00.0000000,2194,1,441,492,3974,2.67000007629395,2.67000007629395,0,0,2.67000007629395,0,948
4445114986,2016-04-16 00:00:00.0000000,2180,1,462,499,3945,2.65000009536743,2.65000009536743,0,0,2.65000009536743,0,941
4445114986,2016-05-10 00:00:00.0000000,2181,1,405,426,3915,2.63000011444092,2.63000011444092,0,0,2.63000011444092,0,1014
1844505072,2016-04-15 00:00:00.0000000,1725,1,644,961,3844,2.53999996185303,2.53999996185303,0,0,2.53999996185303,0,703
2026352035,2016-04-15 00:00:00.0000000,1444,1,523,573,3821,2.36999988555908,2.36999988555908,0,0,2.36999988555908,0,875
4445114986,2016-04-21 00:00:00.0000000,2150,1,436,469,3809,2.55999994277954,2.55999994277954,0,0,2.53999996185303,0,971
4445114986,2016-05-05 00:00:00.0000000,2120,2,462,513,3800,2.54999995231628,2.54999995231628,0,0.359999991953373,2.1800000667572,8,919
7086361926,2016-05-12 00:00:00.0000000,1199,1,444,457,3789,2.55999994277954,2.55999994277954,0,0.650000005960464,1.88999998569489,9,401
1927972279,2016-04-26 00:00:00.0000000,2638,1,296,315,3761,2.59999990463257,2.59999990463257,0,0,2.59999990463257,0,1250
1644430081,2016-05-02 00:00:00.0000000,2580,1,796,961,3758,2.73000001907349,2.73000001907349,0,0.380000002682209,2.34999990463257,8,830
5553957443,2016-04-18 00:00:00.0000000,1683,2,520,541,3727,2.4300000667572,2.4300000667572,0,0,2.4300000667572,0,828
8378563200,2016-04-24 00:00:00.0000000,2741,1,458,492,3703,2.94000005722046,2.94000005722046,0,0,2.94000005722046,0,869
4319703577,2016-04-21 00:00:00.0000000,1792,1,59,65,3702,2.48000001907349,2.48000001907349,0,0,0.349999994039536,0,1299
4319703577,2016-05-08 00:00:00.0000000,1792,1,602,638,3672,2.46000003814697,2.46000003814697,0,0,2.46000003814697,0,756
2026352035,2016-05-01 00:00:00.0000000,1447,1,527,546,3609,2.27999997138977,2.27999997138977,0,0,2.27999997138977,0,907
6962181067,2016-05-12 00:00:00.0000000,928,1,516,535,3587,2.36999988555908,2.36999988555908,0,0.25,2.10999989509583,8,232
7086361926,2016-04-24 00:00:00.0000000,2049,1,681,704,3520,2.16000008583069,2.16000008583069,0,0,2.15000009536743,0,691
2026352035,2016-04-24 00:00:00.0000000,1401,1,555,591,3490,2.16000008583069,2.16000008583069,0,0,2.16000008583069,0,868
4558609924,2016-05-01 00:00:00.0000000,1692,1,115,129,3428,2.26999998092651,2.26999998092651,0,0,2.26999998092651,0,1311
6117666160,2016-04-28 00:00:00.0000000,1879,1,393,416,3403,2.59999990463257,2.59999990463257,0,0,2.59999990463257,0,899
4445114986,2016-04-25 00:00:00.0000000,2070,1,328,345,3385,2.26999998092651,2.26999998092651,0,0,2.26999998092651,0,1095
6117666160,2016-05-06 00:00:00.0000000,1838,2,658,698,3365,2.6800000667572,2.6800000667572,0,0,2.6800000667572,0,806
2026352035,2016-04-14 00:00:00.0000000,1431,1,545,568,3335,2.0699999332428,2.0699999332428,0,0,2.04999995231628,0,850
4445114986,2016-04-12 00:00:00.0000000,2113,2,429,457,3276,2.20000004768372,2.20000004768372,0,0,2.20000004768372,0,983
1644430081,2016-04-29 00:00:00.0000000,2498,1,119,127,3176,2.30999994277954,2.30999994277954,0,0,2.30999994277954,0,1313
8792009665,2016-04-20 00:00:00.0000000,2188,1,528,547,3147,2.00999999046326,2.00999999046326,0,0.280000001192093,1.74000000953674,10,883
5553957443,2016-05-12 00:00:00.0000000,741,1,438,475,3121,2.03999996185303,2.03999996185303,0,0.979999989271163,1.05999994277954,14,270
4445114986,2016-04-13 00:00:00.0000000,2095,2,370,406,2961,1.99000000953674,1.99000000953674,0,0,1.99000000953674,0,1034
8378563200,2016-04-30 00:00:00.0000000,2660,1,468,555,2946,2.33999991416931,2.33999991416931,0,0,2.33999991416931,0,901
8378563200,2016-05-08 00:00:00.0000000,2685,1,545,606,2943,2.32999992370605,2.32999992370605,0,0,2.32999992370605,0,760
4445114986,2016-05-04 00:00:00.0000000,2070,2,337,363,2923,1.96000003814697,1.96000003814697,0,0,1.96000003814697,0,1077
2026352035,2016-04-22 00:00:00.0000000,1399,1,520,545,2915,1.80999994277954,1.80999994277954,0,0,1.80999994277954,0,874
4702921684,2016-05-12 00:00:00.0000000,1240,1,404,442,2752,2.23000001907349,2.23000001907349,0,0,2.23000001907349,0,309
5553957443,2016-04-20 00:00:00.0000000,1570,1,658,678,2713,1.76999998092651,1.76999998092651,0,0,1.76999998092651,0,746
1844505072,2016-05-01 00:00:00.0000000,1541,1,590,961,2573,1.70000004768372,1.70000004768372,0,0.259999990463257,1.45000004768372,7,660
8792009665,2016-04-12 00:00:00.0000000,2044,1,458,493,2564,1.63999998569489,1.63999998569489,0,0,1.63999998569489,0,947
2026352035,2016-04-16 00:00:00.0000000,1373,1,524,567,2547,1.58000004291534,1.58000004291534,0,0,1.58000004291534,0,878
8792009665,2016-04-15 00:00:00.0000000,2009,1,363,377,2483,1.5900000333786,1.5900000333786,0,0,1.5900000333786,0,1063
2026352035,2016-04-21 00:00:00.0000000,1370,1,477,514,2467,1.52999997138977,1.52999997138977,0,0,1.52999997138977,0,902
2026352035,2016-04-19 00:00:00.0000000,1356,1,498,540,2424,1.5,1.5,0,0,1.5,0,926
8792009665,2016-05-03 00:00:00.0000000,2297,1,516,545,2421,1.54999995231628,1.54999995231628,0,0,1.54999995231628,0,895
8792009665,2016-05-04 00:00:00.0000000,2067,1,439,463,2283,1.46000003814697,1.46000003814697,0,0,1.46000003814697,0,977
4319703577,2016-04-18 00:00:00.0000000,1632,1,515,551,2276,1.54999995231628,1.54999995231628,0,0.400000013411045,1.12000000476837,10,882
4445114986,2016-04-17 00:00:00.0000000,1933,1,98,107,2268,1.51999998092651,1.51999998092651,0,0,1.51999998092651,0,1333
8378563200,2016-04-17 00:00:00.0000000,2572,2,525,591,2132,1.69000005722046,1.69000005722046,0,0,1.69000005722046,0,692
4445114986,2016-04-20 00:00:00.0000000,1974,1,439,462,2072,1.38999998569489,1.38999998569489,0,0,1.38999998569489,0,978
4445114986,2016-04-19 00:00:00.0000000,1954,2,388,424,2064,1.38999998569489,1.38999998569489,0,0,1.38999998569489,0,1016
4020332650,2016-04-16 00:00:00.0000000,3051,1,77,77,1982,1.41999995708466,1.41999995708466,0,0.819999992847443,0.589999973773956,86,1277
5553957443,2016-05-07 00:00:00.0000000,1494,1,442,470,1868,1.22000002861023,1.22000002861023,0,0,1.22000002861023,0,998
8792009665,2016-05-02 00:00:00.0000000,2015,1,415,423,1831,1.16999995708466,1.16999995708466,0,0,1.16999995708466,0,1017
5553957443,2016-04-24 00:00:00.0000000,1507,2,553,640,1807,1.17999994754791,1.17999994754791,0,0,1.17999994754791,0,686
8792009665,2016-04-27 00:00:00.0000000,2067,1,423,428,1758,1.12999999523163,1.12999999523163,0,0,1.12999999523163,0,1012
1927972279,2016-04-28 00:00:00.0000000,2351,1,166,178,1675,1.1599999666214,1.1599999666214,0,0,1.1599999666214,0,1262
8792009665,2016-05-01 00:00:00.0000000,1962,1,503,527,1619,1.03999996185303,1.03999996185303,0,0,1.03999996185303,0,913
6962181067,2016-04-14 00:00:00.0000000,1466,2,508,535,1551,1.02999997138977,1.02999997138977,0,0,1.02999997138977,0,948
8792009665,2016-04-13 00:00:00.0000000,1934,1,531,552,1320,0.839999973773956,0.839999973773956,0,0,0.839999973773956,0,888
6775888955,2016-04-15 00:00:00.0000000,2127,1,391,406,1282,0.920000016689301,0.920000016689301,0,0,0.920000016689301,0,1034
4319703577,2016-05-01 00:00:00.0000000,1593,1,484,500,1251,0.839999973773956,0.839999973773956,0,0,0.839999973773956,0,903
8792009665,2016-04-14 00:00:00.0000000,1963,1,486,503,1219,0.779999971389771,0.779999971389771,0,0,0.779999971389771,0,937
5553957443,2016-04-30 00:00:00.0000000,1463,2,775,843,1202,0.779999971389771,0.779999971389771,0,0,0.779999971389771,0,590
1927972279,2016-04-15 00:00:00.0000000,2221,2,475,499,980,0.680000007152557,0.680000007152557,0,0,0.680000007152557,0,992
2026352035,2016-04-17 00:00:00.0000000,1214,1,437,498,838,0.519999980926514,0.519999980926514,0,0,0.519999980926514,0,1113
4445114986,2016-05-12 00:00:00.0000000,1212,1,483,501,768,0.519999980926514,0.519999980926514,0,0,0.519999980926514,0,438
1927972279,2016-04-12 00:00:00.0000000,2220,3,750,775,678,0.469999998807907,0.469999998807907,0,0,0.469999998807907,0,789
5553957443,2016-04-17 00:00:00.0000000,1397,1,350,402,655,0.430000007152557,0.430000007152557,0,0,0.430000007152557,0,989
1927972279,2016-04-13 00:00:00.0000000,2151,1,398,422,356,0.25,0.25,0,0,0.25,0,1018
2026352035,2016-05-10 00:00:00.0000000,1141,1,357,380,254,0.159999996423721,0.159999996423721,0,0,0.159999996423721,0,1019
2347167796,2016-04-29 00:00:00.0000000,403,1,411,473,42,0.0299999993294477,0.0299999993294477,0,0,0.0299999993294477,0,6
4319703577,2016-05-12 00:00:00.0000000,257,1,302,321,17,0.00999999977648258,0.00999999977648258,0,0,0.00999999977648258,0,2
